;disaster_type;disaster_name;pcode;# of damaged houses;# of affected people;pcode_parent;# of affected people;# of damaged houses;land_area;# of hit distritos
;Flood;Total;110305;66;184;1103;30838;7709.5;1069.4615149759;2
;Flood;Total;090703;56;300;0907;14952;3738;326.084915529513;3
;Flood;Total;151009;0;0;1510;1194;298.5;212.430806388443;1
;Flood;Total;160603;1313;7404;1606;30388;7597;9743.14183991969;4
;Flood;Total;120304;3;13;1203;7233;1808.25;155.747133595511;1
;Flood;Total;200203;4;20;2002;2775;693.75;98.3775194341528;1
;Flood;Total;090206;5;17;0902;73426;18356.5;441.631715522266;2
;Flood;Total;211307;153;740;2113;7648;1912;9.71617134283066;2
;Flood;Total;160506;5815;19003;1605;36102;9025.5;37756.9094060406;6
;Flood;Total;100803;45;270;1008;14840;3710;235.884623529586;1
;Flood;Total;110105;500;2500;1101;6729;1682.25;41.1052766952844;1
;Flood;Total;210303;6;32;2103;23950;5987.5;4098.95491215555;2
;Flood;Total;100102;14;45;1001;210858;52714.5;409.196933167822;3
;Flood;Total;010112;0;0;0101;795;198.75;133.621501029003;1
;Flood;Total;150722;17;102;1507;10034;2508.5;830.569835420411;2
;Flood;Total;130101;1605;5768;1301;318914;79728.5;38.8696390433135;1
;Flood;Total;120101;120;800;1201;350859;87714.75;681.699191143938;3
;Flood;Total;100104;14;70;1001;29599;7399.75;548.915396558856;1
;Flood;Total;150118;139;556;1501;218976;54744;244.630540592163;1
;Flood;Total;220203;329;1563;2202;96675;24168.75;5617.07065659883;5
;Flood;Total;030303;14;41;0303;1571;392.75;351.667659762478;1
;Flood;Total;160102;95;532;1601;8352;2088;43693.9347938156;3
;Flood;Total;211101;25;101;2111;1113776;278444;2138.88529786561;4
;Flood;Total;220804;79;882;2208;180964;45241;1340.20232128558;4
;Flood;Total;090108;24;144;0901;879;219.75;12.8883786523294;1
;Flood;Total;221001;612;4501;2210;227439;56859.75;10002.5333273274;9
;Flood;Total;220910;40;240;2209;29302;7325.5;50.0041677848883;1
;Flood;Total;170101;1238;5366;1701;1018914;254728.5;269006.713934498;13
;Flood;Total;110207;80;400;1102;183234;45808.5;629.510654500653;3
;Flood;Total;080701;68;1023;0807;106256;26564;7627.39016888115;4
;Flood;Total;151029;0;0;1510;428;107;530.54056238134;1
;Flood;Total;040413;0;0;0404;14432;3608;1379.68197290637;2
;Flood;Total;250204;118;259;2502;5174;1293.5;18057.5235910665;2
;Flood;Total;160301;14136;44138;1603;150430;37607.5;33802.5016897463;5
;Flood;Total;030703;6;27;0307;3985;996.25;351.588919913493;1
;Flood;Total;210213;187;935;2102;4325;1081.25;104.922737990376;1
;Flood;Total;010701;10;14;0107;160611;40152.75;2181.45171244634;3
;Flood;Total;210104;176;880;2101;5653;1413.25;131.532433770884;1
;Flood;Total;110504;16;64;1105;14390;3597.5;270.572908157054;1
;Flood;Total;090705;1;11;0907;75208;18802;2326.85848195021;4
;Flood;Total;030502;2;9;0305;4237;1059.25;327.33013882261;1
;Flood;Total;160201;5012;21961;1602;793870;198467.5;31332.6328514709;11
;Flood;Total;220202;37;157;2202;14030;3507.5;11949.2649812067;2
;Flood;Total;080907;58;518;0809;16865;4216.25;989.460023505307;1
;Flood;Total;200302;20;100;2003;8235;2058.75;310.906384658286;1
;Flood;Total;120905;3;78;1209;11824;2956;26.8053405056572;2
;Flood;Total;090101;35;188;0901;363105;90776.25;4580.61190477237;9
;Flood;Total;210701;682;3332;2107;20840;5210;1321.05235717159;2
;Flood;Total;080403;0;300;0804;11536;2884;190.247382025318;2
;Flood;Total;040107;10;49;0401;48326;12081.5;19.9878803882892;1
;Flood;Total;081105;0;77;0811;7634;1908.5;145.263850004045;1
;Flood;Total;120302;75;361;1203;672291;168072.75;13765.9979103307;9
;Flood;Total;040407;0;0;0404;1317;329.25;796.274413435948;1
;Flood;Total;100111;7;34;1001;103030;25757.5;139.380371860944;2
;Flood;Total;220605;425;1727;2206;41587;10396.75;3180.80865444501;7
;Flood;Total;250103;1954;4902;2501;70956;17739;44191.5017482202;6
;Flood;Total;221003;747;2686;2210;191576;47894;31715.0001202549;14
;Flood;Total;220706;1761;8248;2207;11000;2750;237.196770551006;8
;Flood;Total;140120;200;1000;1401;60388;15097;252.099374210777;2
;Flood;Total;151016;68;200;1510;941;235.25;514.490451647951;1
;Flood;Total;130204;0;0;1302;3232;808;154.9571948428;1
;Flood;Total;211004;0;0;2110;5743;1435.75;524.212933356506;1
;Flood;Total;010503;0;0;0105;2498;624.5;340.83286616734;1
;Flood;Total;220604;603;2445;2206;37620;9405;16237.6563688116;9
;Flood;Total;151004;150;600;1510;690;172.5;246.243262301125;1
;Flood;Total;010114;0;0;0101;5480;1370;682.13721719548;2
;Flood;Total;040104;0;0;0401;148164;37041;175.645455021486;1
;Flood;Total;010608;7;32;0106;1208;302;85.2080627092713;2
;Flood;Total;120433;11;39;1204;1353;338.25;91.6967172826481;1
;Flood;Total;061003;15;90;0610;2292;573;62.0320442222755;1
;Flood;Total;090710;22;74;0907;1904;476;66.8932510387509;1
;Flood;Total;050202;0;176;0502;7965;1991.25;411.840832916741;1
;Flood;Total;160802;275;1155;null;null;null;null;2
;Flood;Total;220104;286;1270;2201;105820;26455;1924.17273286226;5
;Flood;Total;120805;6;24;1208;4432;1108;265.66383546583;1
;Flood;Total;210115;8;40;2101;3129;782.25;195.170086398771;1
;Flood;Total;080302;36;144;0803;6947;1736.75;124.116598098043;1
;Flood;Total;230105;0;0;2301;7684;1921;1434.13953208625;1
;Flood;Total;060601;28;116;0606;56157;14039.25;429.153775442252;1
;Flood;Total;080305;60;197;0803;5762;1440.5;217.902897535761;1
;Flood;Total;211104;194;970;2111;11310;2827.5;559.318672215188;2
;Flood;Total;150508;30;0;1505;9624;2406;986.506963753437;2
;Flood;Total;190109;1;6;1901;11913;2978.25;690.560620769082;1
;Flood;Total;010707;4;24;0107;2877;719.25;136.230739455141;1
;Flood;Total;160210;2660;11010;1602;22245;5561.25;5584.55349891883;5
;Flood;Total;250203;2018;9767;2502;72180;18045;69127.8530552372;9
;Flood;Total;200805;7;25;2008;14108;3527;335.016333937543;1
;Flood;Total;170104;865;5666;1701;45819;11454.75;24081.0915550677;9
;Flood;Total;250104;2186;11335;2501;76548;19137;88259.2074030828;6
;Flood;Total;250201;1736;4885;2502;585123;146280.75;247891.243769664;17
;Flood;Total;010520;43;343;0105;1893;473.25;162.452100125043;1
;Flood;Total;060303;11;66;0603;8819;2204.75;252.109267520711;1
;Flood;Total;060408;0;0;0604;14030;3507.5;303.308766768317;2
;Flood;Total;220206;4616;23384;2202;65610;16402.5;942.969600422229;9
;Flood;Total;010401;71;371;0104;201082;50270.5;29262.0921220772;7
;Flood;Total;160404;2288;3698;1604;64276;16069;20335.746089832;4
;Flood;Total;210111;3;13;2101;10648;2662;3276.15076167774;2
;Flood;Total;200601;1;5;2006;176804;44201;486.252852523767;1
;Flood;Total;200501;4;19;2005;93147;23286.75;702.367319992637;1
;Flood;Total;051002;11;60;0510;7242;1810.5;340.782955402192;3
;Flood;Total;040501;3;3;0405;7688;1922;241.934551695112;1
;Flood;Total;081101;3;20;0811;26380;6595;2184.13699137066;2
;Flood;Total;010303;0;0;0103;269;67.25;32.0919511782817;1
;Flood;Total;200507;360;1800;2005;4761;1190.25;157.611636236592;1
;Flood;Total;030605;46;233;0306;58212;14553;1512.86029252879;7
;Flood;Total;151006;88;300;1510;384;96;209.838353585744;1
;Flood;Total;210401;556;1655;2104;128772;32193;4650.6326206504;6
;Flood;Total;060401;9;52;0604;97396;24349;531.248133012845;2
;Flood;Total;220602;1105;4601;2206;76420;19105;18061.3173396793;10
;Flood;Total;210113;437;2122;2101;7598;1899.5;675.809404452816;2
;Flood;Total;220914;24;156;2209;4467;1116.75;712.365546141421;3
;Flood;Total;061103;6;30;0611;4429;1107.25;339.402272728108;1
;Flood;Total;210601;147;430;2106;91265;22816.25;1954.71261377904;5
;Flood;Total;200107;0;0;2001;18639;4659.75;195.070972591474;1
;Flood;Total;150205;18;36;1502;46436;11609;63.3373739282417;4
;Flood;Total;150604;2;24;1506;19502;4875.5;704.856011666101;1
;Flood;Total;081204;0;0;0812;3129;782.25;302.856195764387;1
;Flood;Total;050901;12;60;0509;2733;683.25;281.771575373395;1
;Flood;Total;100904;494;3954;1009;41265;10316.25;14457.4208648822;9
;Flood;Total;220401;96;594;2204;45364;11341;2099.83835979961;4
;Flood;Total;050405;0;0;0504;9982;2495.5;281.3742285843;2
;Flood;Total;150135;0;4;1501;1400354;350088.5;74.0188222327013;2
;Flood;Total;151013;22;110;1510;188;47;54.2517200760288;1
;Flood;Total;081301;3;15;0813;20879;5219.75;160.825345740875;1
;Flood;Total;060611;0;0;0606;2936;734;129.464358132051;1
;Flood;Total;061307;25;104;0613;4492;1123;157.852357476342;1
;Flood;Total;120701;7;25;1207;46281;11570.25;446.724794934172;1
;Flood;Total;150901;37;10;1509;86874;21718.5;5243.56472320919;6
;Flood;Total;160202;3985;18339;1602;104616;26154;17432.9716677262;6
;Flood;Total;030214;49;250;0302;2057;514.25;84.8029568565254;1
;Flood;Total;220509;25;125;2205;3460;865;23.8449767612685;1
;Flood;Total;220913;21;104;2209;63360;15840;404.281880456947;4
;Flood;Total;020105;14;72;0201;441336;110334;2060.65457130514;6
;Flood;Total;160606;2038;7003;1606;44660;11165;9502.97017767092;5
;Flood;Total;010501;5;14;0105;2300;575;72.6693293040798;1
;Flood;Total;030215;1;7;0302;9910;2477.5;156.962218567939;1
;Flood;Total;120133;35;188;1201;51076;12769;495.776348758743;4
;Flood;Total;120206;59;217;1202;18774;4693.5;2852.72362986001;3
;Flood;Total;210210;299;1255;2102;28498;7124.5;409.631844262731;2
;Flood;Total;220807;296;1087;2208;13556;3389;275.603941821704;4
;Flood;Total;100109;1;5;1001;18248;4562;488.827651543365;1
;Flood;Total;200206;40;200;2002;24796;6199;968.657219046263;1
;Flood;Total;220204;259;917;2202;18018;4504.5;1543.20840204914;6
;Flood;Total;130104;0;0;1301;68104;17026;315.346681057404;1
;Flood;Total;120129;17;91;1201;23214;5803.5;51.8901671940689;2
;Flood;Total;150705;0;0;1507;7632;1908;234.769784178649;1
;Flood;Total;030401;1;5;0304;5015;1253.75;338.043780723461;1
;Flood;Total;050111;0;79;0501;3598;899.5;186.005075249586;2
;Flood;Total;160303;2417;10348;1603;25263;6315.75;60384.4760459398;3
;Flood;Total;160504;7129;32337;1605;37440;9360;23198.5477039886;5
;Flood;Total;220405;0;0;2204;10336;2584;648.640560154194;4
;Flood;Total;081305;69;515;0813;17382;4345.5;427.525752988951;3
;Flood;Total;150810;15;61;1508;167480;41870;672.519104910624;5
;Flood;Total;060811;13;51;0608;7192;1798;478.710436901679;1
;Flood;Total;090704;16;80;0907;5497;1374.25;100.447333121229;1
;Flood;Total;090105;32;128;0901;1974;493.5;54.0028252714005;1
;Flood;Total;130205;85;425;1302;51168;12792;160.246738765874;2
;Flood;Total;220906;2230;10522;2209;34996;8749;6202.25113408494;13
;Flood;Total;100501;4;19;1005;271062;67765.5;7406.84722410167;18
;Flood;Total;061002;0;0;0610;3337;834.25;68.3665694366777;1
;Flood;Total;110102;845;4225;1101;35641;8910.25;82.6151773443017;1
;Flood;Total;080801;3;17;0808;132968;33242;2954.32265862133;4
;Flood;Total;080101;2;5;0801;236632;59158;199.312899791209;2
;Flood;Total;151030;90;270;1510;1127;281.75;291.209672293349;1
;Flood;Total;110402;0;0;1104;1497;374.25;183.099856473376;1
;Flood;Total;200201;0;0;2002;38339;9584.75;1545.3916142896;1
;Flood;Total;010115;15;30;0101;589;147.25;122.034963194776;1
;Flood;Total;051001;0;0;0510;1934;483.5;238.633241336937;1
;Flood;Total;120604;17;85;1206;126858;31714.5;4263.85359390154;2
;Flood;Total;050401;86;270;0504;94746;23686.5;990.94514390316;2
;Flood;Total;080103;0;0;0801;7817;1954.25;13.9680859766982;1
;Flood;Total;061303;0;645;0613;10010;2502.5;564.670602283914;1
;Flood;Total;190305;4;20;1903;9342;2335.5;1243.41203878936;1
;Flood;Total;100311;1;4;1003;9538;2384.5;612.856451749723;1
;Flood;Total;120601;238;3686;1206;167756;41939;3271.40025269489;4
;Flood;Total;210201;314;1436;2102;84585;21146.25;2159.65222615568;3
;Flood;Total;170102;128;766;1701;60660;15165;29104.8363056599;6
;Flood;Total;150805;0;0;1508;114356;28589;24.2438980574918;4
;Flood;Total;060614;5;22;0606;10747;2686.75;152.897867196183;1
;Flood;Total;120608;118;0;1206;292085;73021.25;51071.1535748876;5
;Flood;Total;100605;92;1481;1006;128063;32015.75;1435.90816791882;13
;Flood;Total;150108;72;286;1501;976641;244160.25;115.22903986618;3
;Flood;Total;150124;0;0;1501;17044;4261;28.777663067148;1
;Flood;Total;040103;1;4;0401;91802;22950.5;231.877462490629;1
;Flood;Total;080901;34;204;0809;68868;17217;784.942719221344;2
;Flood;Total;030301;12;61;0303;3164;791;600.612159742508;1
;Flood;Total;081009;0;0;0810;2473;618.25;102.614201131047;1
;Flood;Total;020701;27;135;0207;12566;3141.5;246.584801271785;1
;Flood;Total;200304;20;100;2003;41238;10309.5;1940.00268042508;1
;Flood;Total;220603;772;3582;2206;71291;17822.75;107141.784816012;11
;Flood;Total;160701;1780;7657;1607;122472;30618;63479.2348513817;9
;Flood;Total;060807;7;29;0608;10078;2519.5;812.163463074055;1
;Flood;Total;040206;45;1000;0402;24050;6012.5;7111.75909737915;5
;Flood;Total;220510;39;180;2205;39390;9847.5;1089.12664828888;3
;Flood;Total;210102;1;4;2101;28189;7047.25;1934.96778879204;1
;Flood;Total;061308;250;1000;0613;1871;467.75;31.2341453747743;1
;Flood;Total;160304;1256;6367;1603;64470;16117.5;75449.0475344677;6
;Flood;Total;210402;328;1640;2104;31524;7881;174.409318197955;1
;Flood;Total;180202;3;10;1802;2573;643.25;857.671174552828;1
;Flood;Total;210807;1228;6110;2108;43220;10805;1584.83427268376;4
;Flood;Total;200210;15;75;2002;12287;3071.75;1065.62285985749;1
;Flood;Total;050205;3;7;0502;4575;1143.75;778.56108343812;1
;Flood;Total;120902;41;140;1209;5968;1492;73.9770224880867;1
;Flood;Total;160206;3944;16019;1602;71540;17885;30717.2680773552;5
;Flood;Total;081211;20;80;0812;21840;5460;236.290285053766;3
;Flood;Total;050201;111;546;0502;53976;13494;1472.06707317142;8
;Flood;Total;080301;250;1351;0803;133624;33406;1505.4073537602;8
;Flood;Total;120130;48;120;1201;10203;2550.75;21.8287263227224;1
;Flood;Total;080404;30;150;0804;7210;1802.5;733.071006186096;1
;Flood;Total;120603;90;450;1206;6168;1542;309.248451533337;1
;Flood;Total;210705;4;20;2107;3059;764.75;879.969401460586;1
;Flood;Total;120132;5;28;1201;4026;1006.5;13.5540006569731;1
;Flood;Total;220904;1319;6460;2209;72999;18249.75;8558.74175996513;9
;Flood;Total;080406;62;130;0804;5622;1405.5;128.044908315624;1
;Flood;Total;100702;502;4198;1007;218288;54572;66416.6762659147;16
;Flood;Total;170203;137;349;1702;38430;9607.5;23557.4306136957;3
;Flood;Total;081208;160;800;0812;12000;3000;353.904860985642;3
;Flood;Total;220301;50;226;2203;35388;8847;924.780555349907;3
;Flood;Total;090117;21;119;0901;167200;41800;1607.93582860857;5
;Flood;Total;030416;20;70;0304;1962;490.5;168.06545219058;1
;Flood;Total;160604;742;3740;1606;63780;15945;44855.8813287999;6
;Flood;Total;220808;14;42;2208;10761;2690.25;249.437359550753;3
;Flood;Total;210804;200;1000;2108;4719;1179.75;228.712454699846;1
;Flood;Total;090118;52;263;0901;98016;24504;3281.80372269878;8
;Flood;Total;220902;280;1022;2209;2019;504.75;155.649838342251;3
;Flood;Total;211202;191;955;2112;4707;1176.75;510.19047392864;1
;Flood;Total;050407;314;1565;0504;49380;12345;3177.84544356829;4
;Flood;Total;080408;68;350;0804;13337;3334.25;1991.32847318;1
;Flood;Total;220912;0;0;2209;1340;335;78.2337464696059;1
;Flood;Total;210208;290;1450;2102;32720;8180;3128.77733897048;4
;Flood;Total;081212;3;20;0812;32886;8221.5;1083.5108718528;3
;Flood;Total;211203;84;363;2112;8548;2137;4780.52025844723;2
;Flood;Total;150125;0;0;1501;706654;176663.5;97.99685974953;2
;Flood;Total;040110;29;87;0401;48677;12169.25;26.1249242344401;1
;Flood;Total;140112;20;100;1401;44285;11071.25;67.1616354767227;1
;Flood;Total;160110;2709;13380;1601;20608;5152;30002.5208983691;4
;Flood;Total;160401;7094;20598;1604;120705;30176.25;34094.8543988036;5
;Flood;Total;080607;22;125;0806;8412;2103;170.248823023594;3
;Flood;Total;040203;11;45;0402;13780;3445;1112.01484637551;2
;Flood;Total;150501;112;620;1505;390768;97692;3635.99985338188;7
;Flood;Total;210503;3495;11556;2105;12850;3212.5;150.469181483185;1
;Flood;Total;200208;40;200;2002;12194;3048.5;276.246982211364;1
;Flood;Total;220106;83;307;2201;6750;1687.5;138.940612348042;2
;Flood;Total;200405;159;795;2004;28198;7049.5;347.107505736498;2
;Flood;Total;220801;333;1646;2208;187776;46944;1660.00063477762;8
;Flood;Total;160804;638;2660;null;null;null;null;2
;Flood;Total;150123;0;92;1501;259306;64826.5;370.083169926731;2
;Flood;Total;220305;33;114;2203;3120;780;62.5303653464416;1
;Flood;Total;240104;0;250;2401;14100;3525;1446.96373736896;2
;Flood;Total;210114;120;480;2101;1790;447.5;489.325133575987;1
;Flood;Total;060105;0;53;0601;24190;6047.5;635.348627453065;1
;Flood;Total;120429;0;0;1204;854;213.5;8.02157011146224;1
;Flood;Total;210603;15;60;2106;5371;1342.75;105.178328619782;1
;Flood;Total;120501;49;182;1205;59358;14839.5;5212.69912087441;6
;Flood;Total;250202;55;172;2502;26379;6594.75;23245.1456144802;3
;Flood;Total;190113;4;26;1901;91710;22927.5;478.845701565118;3
;Flood;Total;151015;40;260;1510;1140;285;98.9747007099643;2
;Flood;Total;250101;3622;15506;2501;5392870;1348217.5;407995.9948413;35
;Flood;Total;100101;25;127;1001;380325;95081.25;493.209058524785;5
;Flood;Total;220406;358;1461;2204;3360;840;232.037709440339;5
;Flood;Total;120504;65;419;1205;11680;2920;2020.82272969829;2
;Flood;Total;050908;0;0;0509;1021;255.25;314.716042332881;1
;Flood;Total;150107;0;0;1501;43428;10857;42.7865873936262;1
;Flood;Total;160502;790;1643;1605;4212;1053;18133.6655677886;2
;Flood;Total;240303;0;0;2403;2395;598.75;388.925444973218;1
;Flood;Total;220102;130;649;2201;21510;5377.5;589.367764492575;5
;Flood;Total;150202;1187;5341;1502;44774;11193.5;828.026714875729;2
;Flood;Total;021101;2526;15085;0211;72948;18237;8733.65869715512;3
;Flood;Total;240101;597;1685;2401;1005147;251286.75;1364.14051702072;9
;Flood;Total;120124;4;18;1201;17823;4455.75;1740.20748794107;3
;Flood;Total;080104;50;200;0801;47101;11775.25;89.7439656483808;1
;Flood;Total;120301;241;2205;1203;123375;30843.75;3694.50692830762;5
;Flood;Total;210301;5;14;2103;12869;3217.25;1018.00314448128;1
;Flood;Total;220909;0;0;2209;41114;10278.5;267.37941320596;1
;Flood;Total;210203;0;0;2102;7483;1870.75;337.420432864903;1
;Flood;Total;060112;3;68;0601;25975;6493.75;370.958133113655;5
;Flood;Total;200401;3838;186;2004;152428;38107;1721.05128520102;2
;Flood;Total;160505;5761;17261;1605;66968;16742;39159.7427930932;8
;Flood;Total;210805;289;1445;2108;17064;4266;1378.56894074045;2
;Flood;Total;081103;28;140;0811;11264;2816;712.925092686328;1
;Flood;Total;080201;0;0;0802;5552;1388;143.275391033925;1
;Flood;Total;220303;27;114;2203;13022;3255.5;520.099755963922;1
;Flood;Total;110202;67;240;1102;44322;11080.5;2194.25929777872;6
;Flood;Total;051011;59;177;0510;2763;690.75;379.755873325297;1
;Flood;Total;060801;197;586;0608;1104950;276237.5;6076.1580311959;11
;Flood;Total;210501;649;3245;2105;173715;43428.75;2748.58529404693;3
;Flood;Total;080503;40;180;0805;5738;1434.5;394.753039804941;1
;Flood;Total;150801;10;50;1508;117064;29266;1424.31472787534;2
;Flood;Total;210112;312;1560;2101;23229;5807.25;809.763914941655;3
;Flood;Total;150803;0;0;1508;6801;1700.25;2.70650094372249;1
;Flood;Total;210106;1;164;2101;14024;3506;230.054074634784;2
;Flood;Total;080606;30;180;0806;4680;1170;524.133519114958;1
;Flood;Total;090607;12;61;0906;7376;1844;4360.2952290661;2
;Flood;Total;200108;40;200;2001;4962;1240.5;104.99533570346;1
;Flood;Total;210903;476;2410;2109;8516;2129;805.028195565159;2
;Flood;Total;190304;37;560;1903;10710;2677.5;2886.81936830393;1
;Flood;Total;080309;10;0;0803;3643;910.75;60.9361072958093;1
;Flood;Total;240106;319;1752;2401;12267;3066.75;346.27790789626;3
;Flood;Total;090103;2;10;0901;72746;18186.5;1089.68694749185;2
;Flood;Total;050101;3;8;0501;226760;56690;157.32230847532;2
;Flood;Total;200101;565;3145;2001;602622;150655.5;642.130957635657;2
;Flood;Total;081002;0;0;0810;3787;946.75;239.841214635427;1
;Flood;Total;160101;2935;14887;1601;1655324;413831;4039.28317048284;11
;Flood;Total;100507;44;2813;1005;114420;28605;5626.57671980859;4
;Flood;Total;221005;76;443;2210;81272;20318;3083.48585561004;4
;Flood;Total;090609;47;127;0906;775;193.75;239.204200992936;1
;Flood;Total;150605;0;23;1506;61790;15447.5;154.238777352833;1
;Flood;Total;190306;33;758;1903;143345;35836.25;54194.2984476278;5
;Flood;Total;211209;271;1553;2112;9241;2310.25;1361.68907139609;1
;Flood;Total;120201;22;96;1202;44268;11067;55.1785543628064;3
;Flood;Total;190303;37;166;1903;19608;4902;3704.34991514067;3
;Flood;Total;030406;12;30;0304;5326;1331.5;1734.71965021012;1
;Flood;Total;060301;6;55;0603;56060;14015;808.93107614651;2
;Flood;Total;061001;11;61;0610;64035;16008.75;722.486184612258;3
;Flood;Total;150902;0;0;1509;2090;522.5;302.984795175438;2
;Flood;Total;081202;257;2650;0812;10930;2732.5;171.31683720492;2
;Flood;Total;150507;36;168;1505;158512;39628;211.770546407025;4
;Flood;Total;081207;205;1025;0812;4491;1122.75;108.264517599752;1
;Flood;Total;080205;0;0;0802;9020;2255;268.40943756437;1
;Flood;Total;100604;200;13707;1006;422653;105663.25;31411.8092670343;11
;Flood;Total;131201;13;182;1312;403368;100842;6511.36704012382;6
;Flood;Total;160211;1660;9201;1602;32935;8233.75;7476.16122627456;5
;Flood;Total;250105;1725;8457;2501;586068;146517;3971.07072936297;6
;Flood;Total;110204;61;235;1102;24646;6161.5;144.488929942004;2
;Flood;Total;010702;0;0;0107;28403;7100.75;1801.66737704079;1
;Flood;Total;080508;56;250;0805;2868;717;115.721765877009;1
;Flood;Total;060101;43;219;0601;2465360;616340;3768.83429117796;10
;Flood;Total;160402;5226;18410;1604;102366;25591.5;69759.130428692;6
;Flood;Total;220908;68;398;2209;6234;1558.5;380.936603380403;2
;Flood;Total;050107;0;0;0501;3192;798;57.031724624263;1
;Flood;Total;120105;30;180;1201;888;222;127.467238472997;1
;Flood;Total;160104;5438;15330;1601;56505;14126.25;16822.1131107195;5
;Flood;Total;160501;5366;23860;1605;271404;67851;27673.8537199713;9
;Flood;Total;080202;0;0;0802;2379;594.75;71.3583982891383;1
;Flood;Total;170103;227;1143;1701;23304;5826;30962.506159929;4
;Flood;Total;220901;360;1693;2209;146030;36507.5;115.626556191347;2
;Flood;Total;070101;15;70;0701;1627556;406889;199.784895186111;4
;Flood;Total;120904;12;28;1209;11838;2959.5;63.8647903744783;3
;Flood;Total;210105;27;36;2101;45344;11336;416.850570066572;4
;Flood;Total;200111;490;0;2001;80304;20076;1531.52435041343;3
;Flood;Total;160508;138;407;1605;2070;517.5;14090.2137708175;3
;Flood;Total;160507;7826;26069;1605;34489;8622.25;18183.5712515946;7
;Flood;Total;010703;2;12;0107;17630;4407.5;598.32228605231;2
;Flood;Total;220503;330;1650;2205;15255;3813.75;3041.79741523567;3
;Flood;Total;130103;2;10;1301;41914;10478.5;1.75270433818896;1
;Flood;Total;211208;0;0;2112;2269;567.25;645.322344332429;1
;Flood;Total;090310;114;160;0903;15028;3757;66.1871479916582;2
;Flood;Total;200110;40;200;2001;40613;10153.25;239.245335143075;1
;Flood;Total;150142;1;7;1501;463014;115753.5;34.3039372432415;1
;Flood;Total;220803;6;28;2208;13156;3289;170.572542650735;1
;Flood;Total;030109;3;20;0301;29652;7413;159.02902674402;3
;Flood;Total;060808;39;117;0608;15314;3828.5;442.405102436527;2
;Flood;Total;080401;164;1020;0804;139896;34974;1871.57364853832;6
;Flood;Total;100603;0;543;1006;12303;3075.75;381.910261574422;3
;Flood;Total;160305;10004;44635;1603;88296;22074;95359.6983475002;6
;Flood;Total;220508;17;55;2205;2900;725;1291.95010891747;2
;Flood;Total;220905;819;3987;2209;10764;2691;1840.71683116018;6
;Flood;Total;211102;172;860;2111;4224;1056;193.192416571308;1
;Flood;Total;050605;47;182;0506;2018;504.5;367.033728866445;1
;Flood;Total;150201;3;12;1502;140860;35215;317.356761036911;2
;Flood;Total;130207;5;25;1302;39320;9830;227.394508927045;2
;Flood;Total;081201;37;185;0812;18508;4627;281.520114973193;2
;Flood;Total;120427;90;250;1204;1626;406.5;320.070621624272;1
;Flood;Total;120607;12;52;1206;28301;7075.25;488.870921707244;1
;Flood;Total;020101;2;11;0201;128218;32054.5;848.051530548749;2
;Flood;Total;210801;25;150;2108;44794;11198.5;2040.49407972086;2
;Flood;Total;221004;40;160;2210;1006;251.5;1062.78431293413;1
;Flood;Total;090701;0;4;0907;11166;2791.5;107.40143733031;1
;Flood;Total;160601;1837;12474;1606;136365;34091.25;55186.1140034964;5
;Flood;Total;160103;4445;12504;1601;121350;30337.5;27406.9446913598;6
;Flood;Total;130601;1;4;1306;54514;13628.5;802.822405989811;2
;Flood;Total;250401;103;680;2504;40329;10082.25;165798.483537488;9
;Flood;Total;200504;360;1800;2005;12429;3107.25;121.895303713908;1
;Flood;Total;210606;426;2126;2106;20424;5106;1227.02979010479;4
;Flood;Total;210211;110;272;2102;9978;2494.5;515.804010213091;1
;Flood;Total;170204;319;1665;1702;39798;9949.5;9118.37502732793;6
;Flood;Total;210107;1066;5330;2101;16068;4017;193.750484290002;2
;Flood;Total;250302;837;4269;2503;99332;24833;11789.553305366;4
;Flood;Total;030216;55;280;0302;54939;13734.75;474.128910650851;3
;Flood;Total;010509;46;315;0105;4404;1101;96.2111454799037;1
;Flood;Total;190101;4;22;1901;78255;19563.75;44.9179542105446;3
;Flood;Total;110210;0;0;1102;54992;13748;33.1783875446205;2
;Flood;Total;110211;0;0;1102;4990;1247.5;11.4150228708611;1
;Flood;Total;020803;0;0;0208;2058;514.5;219.13694311479;1
;Flood;Total;030105;1;4;0301;4749;1187.25;425.466058899547;1
;Flood;Total;220103;16;85;2201;1993;498.25;69.6745288990703;1
;Flood;Total;220504;54;270;2205;15798;3949.5;2522.06741162444;2
;Flood;Total;050613;15;75;0506;3020;755;716.31145763022;1
;Flood;Total;100903;0;2475;1009;12606;3151.5;1897.39262786222;2
;Flood;Total;130901;2;10;1309;124848;31212;834.548600308321;2
;Flood;Total;040519;12;38;0405;2137;534.25;1112.75396186165;1
;Flood;Total;060310;9;45;0603;12146;3036.5;527.564197636744;2
;Flood;Total;060901;40;153;0609;112308;28077;973.596272701949;3
;Flood;Total;081003;300;2100;0810;3682;920.5;325.864867999002;1
;Flood;Total;130701;77;312;1307;49557;12389.25;2054.34933133103;3
;Flood;Total;090301;1;18;0903;74097;18524.25;2482.06725322129;3
;Flood;Total;211103;0;0;2111;5374;1343.5;1267.45809763206;1
;Flood;Total;200704;40;200;2007;1646;411.5;238.678691625729;1
;Flood;Total;080902;20;100;0809;134949;33737.25;63854.6187429599;3
;Flood;Total;160108;20869;149488;1601;911280;227820;16026.0079775218;10
;Flood;Total;010202;20;83;0102;11032;2758;816.252825769502;1
;Flood;Total;150103;25;100;1501;1260172;315043;168.343346793351;2
;Flood;Total;220709;79;265;2207;9318;2329.5;670.480066118739;2
;Flood;Total;200204;215;1075;2002;14502;3625.5;381.643306996126;2
;Flood;Total;150806;1;6;1508;35373;8843.25;483.451141257591;1
;Flood;Total;060703;3;15;0607;16994;4248.5;228.374426152973;1
;Flood;Total;210502;111;556;2105;2203;550.75;1040.323749137;1
;Flood;Total;160510;1538;4246;1605;22528;5632;4638.80011898176;4
;Flood;Total;160302;5566;23763;1603;43584;10896;79435.1115499796;6
;Flood;Total;160801;411;1606;null;null;null;null;2
;Flood;Total;150716;25;100;1507;5469;1367.25;571.591109036623;1
;Flood;Total;210407;0;0;2104;18948;4737;523.448391158256;1
;Flood;Total;080602;129;1015;0806;5000;1250;938.267528340367;1
;Flood;Total;040703;0;0;0407;19857;4964.25;403.370982501217;3
;Flood;Total;220802;1511;10421;2208;46520;11630;2024.25802010497;4
;Flood;Total;210406;0;0;2104;16094;4023.5;399.805077869439;1
;Flood;Total;160107;4127;19851;1601;81430;20357.5;122116.716046167;5
;Flood;Total;150143;0;0;1501;448545;112136.25;66.8717336077101;1
;Flood;Total;050503;84;417;0505;52800;13200;1423.70935155749;5
;Flood;Total;220702;106;464;2207;19212;4803;1878.6298533983;6
;Flood;Total;010201;0;0;0102;51930;12982.5;271.322775108597;2
;Flood;Total;100902;303;4130;1009;33015;8253.75;16144.0237701468;5
;Flood;Total;140110;7;35;1401;9854;2463.5;488.020142827844;1
;Flood;Total;150513;11;114;1505;20845;5211.25;198.591154311414;5
;Flood;Total;090305;0;0;0903;6876;1719;348.033039659327;2
;Flood;Total;120119;4;35;1201;62505;15626.25;35.8858393082635;3
;Flood;Total;250107;1204;5780;2501;561750;140437.5;4514.6805821217;7
;Flood;Total;080603;54;378;0806;26970;6742.5;865.05953385216;5
;Flood;Total;090502;4;20;0905;11420;2855;270.518516191212;1
;Flood;Total;250102;620;2805;2501;78715;19678.75;6469.22146989009;5
;Flood;Total;220710;327;1297;2207;15225;3806.25;1113.18872056306;3
;Flood;Total;030218;6;28;0302;4197;1049.25;122.105076304891;1
;Flood;Total;160112;26808;116557;1601;1210960;302740;10462.1953773821;16
;Flood;Total;050304;240;336;0503;2638;659.5;644.202129415689;1
;Flood;Total;150504;0;95;1505;16106;4026.5;243.9574590676;2
;Flood;Total;110302;0;150;1103;1537;384.25;955.544290765996;1
;Flood;Total;110506;10;51;1105;27078;6769.5;465.784213580013;2
;Flood;Total;090401;140;200;0904;3248;812;925.719471586162;1
;Flood;Total;010705;2;7;0107;8219;2054.75;347.382675736253;1
;Flood;Total;150512;35;140;1505;15200;3800;447.623241898907;1
;Flood;Total;151025;25;220;1510;540;135;158.305274067714;1
;Flood;Total;040101;0;0;0401;54095;13523.75;11.3428715590975;1
;Flood;Total;110101;3541;17701;1101;393009;98252.25;2666.57357407392;3
;Flood;Total;200104;910;4550;2001;572812;143203;2631.83513269209;4
;Flood;Total;220105;25;112;2201;169255;42313.75;2913.87262642468;5
;Flood;Total;220506;36;159;2205;10663;2665.75;558.051284127831;1
;Flood;Total;200407;20;100;2004;6566;1641.5;250.51459427868;1
;Flood;Total;040109;9;46;0401;105334;26333.5;56.5492407849665;2
;Flood;Total;130110;1224;6085;1301;4317;1079.25;388.074402341943;1
;Flood;Total;061105;3;23;0611;1402;350.5;71.0028490973254;1
;Flood;Total;090119;15;73;0901;7638;1909.5;197.998916503084;1
;Flood;Total;160706;1387;7891;1607;37092;9273;35420.7825203656;3
;Flood;Total;020907;3;14;0209;1002;250.5;85.190376621304;1
;Flood;Total;100602;14;1090;1006;77750;19437.5;7097.16151722427;10
;Flood;Total;080909;8;48;0809;21159;5289.75;3541.36737386449;1
;Flood;Total;050109;1;5;0501;3688;922;97.9124424679108;1
;Flood;Total;160509;584;1952;1605;3633;908.25;6274.64530688349;3
;Flood;Total;040125;13;57;0401;2345;586.25;1531.33834898759;1
;Flood;Total;151032;30;160;1510;1848;462;156.999311999654;1
;Flood;Total;040122;2;9;0401;78135;19533.75;26.0148749763579;1
;Flood;Total;120431;36;118;1204;14385;3596.25;694.472992994061;3
;Flood;Total;040508;0;0;0405;1450;362.5;372.2847824292;1
;Flood;Total;110401;1;5;1104;14390;3597.5;261.997588628398;2
;Flood;Total;020801;0;0;0208;65648;16412;2408.27359003021;2
;Flood;Total;220601;584;3324;2206;237276;59319;4031.02094255273;9
;Flood;Total;220805;15;75;2208;22345;5586.25;1164.86190132253;1
;Flood;Total;220101;3645;17601;2201;1419075;354768.75;45983.4193879154;17
;Flood;Total;190204;1;1;1902;1797;449.25;107.764457534553;1
;Flood;Total;120305;136;776;1203;81033;20258.25;1867.79888240319;3
;Flood;Total;120410;0;0;1204;1664;416;12.2281616954341;1
;Flood;Total;120204;44;230;1202;2868;717;99.9379805711734;1
;Flood;Total;220705;521;2022;2207;12280;3070;1013.44663580724;5
;Flood;Total;211001;149;621;2110;53256;13314;2078.05852308242;2
;Flood;Total;080502;25;120;0805;6302;1575.5;506.76739033568;1
;Flood;Total;210901;369;1433;2109;266152;66538;8568.1248142604;17
;Flood;Total;040207;50;300;0402;661;165.25;900.495696488326;1
;Flood;Total;030501;59;421;0305;92656;23164;5705.45472383005;8
;Flood;Total;110303;932;3753;1103;10808;2702;2446.81022187767;4
;Flood;Total;010103;4;17;0101;1625;406.25;317.983491293758;1
;Flood;Total;060203;25;226;0602;41862;10465.5;591.657645253744;3
;Flood;Total;081303;0;0;0813;5228;1307;76.6912290293691;1
;Flood;Total;120125;0;300;1201;16443;4110.75;8.817597349159;1
;Flood;Total;081306;17;85;0813;22450;5612.5;1160.69910457503;2
;Flood;Total;080105;3;13;0801;115305;28826.25;77.2194232380304;1
;Flood;Total;130105;6;31;1301;182494;45623.5;21.1894977150722;1
;Flood;Total;220502;0;0;2205;37724;9431;589.317455993771;2
;Flood;Total;200305;13;65;2003;4626;1156.5;145.789114027158;1
;Flood;Total;081205;10;50;0812;35888;8972;595.657663430994;2
;Flood;Total;061302;278;1390;0613;1527;381.75;8.38478553720796;1
;Flood;Total;160503;5117;22394;1605;31178;7794.5;5614.3671324516;7
;Flood;Total;220903;35;181;2209;6654;1663.5;106.055479272173;2
;Flood;Total;210403;0;0;2104;23188;5797;626.401054116119;1
;Flood;Total;220708;307;1572;2207;22898;5724.5;786.411983425674;2
;Flood;Total;050910;5;25;0509;747;186.75;60.8787575226753;1
;Flood;Total;170301;470;2031;1703;6220;1555;55321.8481651763;4
;Flood;Total;060701;26;97;0607;408655;102163.75;2278.25191793592;5
;Flood;Total;051006;63;182;0510;3495;873.75;189.102503260707;3
;Flood;Total;110201;204;1020;1102;191013;47753.25;672.102562061623;3
;Flood;Total;220205;167;837;2202;44580;11145;1737.49232917836;5
;Flood;Total;100103;12;21;1001;51922;12980.5;3683.07466082764;2
;Flood;Total;080604;6;23;0806;22494;5623.5;876.274098579016;2
;Flood;Total;060603;46;145;0606;10797;2699.25;777.345491069219;3
;Flood;Total;150132;65;325;1501;2182606;545651.5;279.371318436274;2
;Flood;Total;061305;79;395;0613;2601;650.25;60.5610716136603;1
;Flood;Total;060108;68;322;0601;213765;53441.25;1420.28780513235;5
;Flood;Total;160403;7381;25466;1604;93828;23457;85997.0378233051;6
;Flood;Total;250303;1490;5549;2503;34172;8543;7453.41412156434;4
;Flood;Total;040311;0;0;0403;1328;332;445.077545891333;1
;Flood;Total;010101;8;40;0101;28731;7182.75;152.408982163368;1
;Flood;Total;080207;0;200;0802;7476;1869;168.539530895079;2
;Flood;Total;050406;12;35;0504;7168;1792;413.57134758271;1
;Flood;Total;120107;79;455;1201;770652;192663;234.713936900391;9
;Flood;Total;200804;80;400;2008;3878;969.5;263.422743168476;1
;Flood;Total;080910;626;2776;0809;81264;20316;3252.39014178522;4
;Flood;Total;151031;60;460;1510;649;162.25;290.235566701019;1
;Flood;Total;190202;35;102;1902;12885;3221.25;481.277068829878;3
;Flood;Total;081102;0;0;0811;2701;675.25;105.349873489622;1
;Flood;Total;200307;0;210;2003;8564;2141;343.417302559315;1
;Flood;Total;240202;15;75;2402;2109;527.25;855.63402889489;1
;Flood;Total;021809;0;0;0218;151127;37781.75;400.206907447835;1
;Flood;Total;120418;88;480;1204;4674;1168.5;949.151592751307;3
;Flood;Total;090102;55;230;0901;9186;2296.5;1464.58300632277;2
;Flood;Total;220809;66;300;2208;11742;2935.5;178.582054251914;3
;Flood;Total;190307;0;70;1903;20183;5045.75;788.720652687557;1
;Flood;Total;120117;0;0;1201;4488;1122;13.1566509613246;1
;Flood;Total;200105;8009;40043;2001;218337;54584.25;7588.78726624412;3
;Flood;Total;010205;133;566;0102;120570;30142.5;22567.1821377187;5
;Flood;Total;180101;1;9;1801;57243;14310.75;3948.75217671758;1
;Flood;Total;221002;1265;4506;2210;83797;20949.25;5795.89019111828;7
;Flood;Total;010704;1;5;0107;19107;4776.75;929.842779278234;3
;Flood;Total;030602;23;115;0306;24954;6238.5;181.479221664523;2
;Flood;Total;120706;113;0;1207;5674;1418.5;270.371560811724;1
;Flood;Total;210204;80;400;2102;34814;8703.5;806.32242775138;2
;Flood;Total;150514;0;0;1505;12971;3242.75;37.5774364478898;1
;Flood;Total;150106;888;4010;1501;1509890;377472.5;1790.35539623047;5
;Flood;Total;080501;0;11;0805;19952;4988;584.131364600263;2
;Flood;Total;061101;2;12;0611;31770;7942.5;709.295079069878;2
;Flood;Total;150903;0;0;1509;1036;259;106.128968410145;1
;Flood;Total;200410;20;100;2004;9567;2391.75;216.899702732872;1
;Flood;Total;160114;636;3055;1601;16971;4242.75;27376.3710372515;3
;Flood;Total;250106;1677;8113;2501;27690;6922.5;10313.0273555604;5
;Flood;Total;200301;7;20;2003;30404;7601;444.956519087892;1
;Flood;Total;010203;3;21;0102;6328;1582;99.6053544990457;1
;Flood;Total;060805;3;18;0608;7056;1764;84.1635224206662;1
;Flood;Total;030201;27;1305;0302;388376;97094;2977.49502160153;8
;Flood;Total;160705;1804;5508;1607;19089;4772.25;27292.8183170557;3
;Flood;Total;131002;0;0;1310;7266;1816.5;149.325263680962;1
;Flood;Total;030211;0;0;0302;1042;260.5;123.723900530359;1
;Flood;Total;150601;14;58;1506;100436;25109;645.279117592976;1
;Flood;Total;130106;0;0;1301;35289;8822.25;491.705872055776;1
;Flood;Total;050110;3;8;0501;100858;25214.5;33.4514692197356;2
;Flood;Total;030701;6;42;0307;10804;2701;848.643162656368;2
;Flood;Total;210205;375;1500;2102;3564;891;145.386179246529;1
;Flood;Total;080407;25;130;0804;4728;1182;55.0578650650823;1
;Flood;Total;160803;708;2716;null;null;null;null;2
;Flood;Total;150204;56;100;1502;45086;11271.5;1034.48875842739;2
;Flood;Total;150811;18;0;1508;48190;12047.5;2627.99915596866;2
;Flood;Total;040702;0;0;0407;17968;4492;3097.17787103506;2
;Flood;Total;160105;4617;10021;1601;29655;7413.75;20166.2711930004;3
;Flood;Total;030209;1;4;0302;9994;2498.5;170.065735659515;1
;Flood;Total;040602;0;1000;0406;670;167.5;808.736788539976;1
;Flood;Total;010402;164;949;0104;38148;9537;22484.1269027743;4
;Flood;Total;210902;629;2171;2109;5818;1454.5;132.33931234366;2
;Flood;Total;100201;18;47;1002;51414;12853.5;863.430297793107;3
;Flood;Total;250301;2154;4785;2503;363594;90898.5;64988.0169633121;14
;Flood;Total;030204;2;4;0302;14882;3720.5;311.698528823743;2
;Flood;Total;021808;15;53;0218;20532;5133;40.8080890477583;1
;Flood;Total;120303;150;591;1203;342755;85688.75;6195.46558474627;5
;Flood;Total;190104;28;112;1901;22824;5706;2040.3323432777;2
;Flood;Total;160113;9987;43540;1601;1701656;425414;35173.9669244524;11
;Flood;Total;060202;73;211;0602;53588;13397;1638.43839553036;2
;Flood;Total;120402;0;214;1204;14686;3671.5;246.543590311295;2
;Flood;Total;150109;3;0;1501;141240;35310;672.916797650751;3
;Flood;Total;110301;257;1270;1103;160314;40078.5;6842.4213562497;6
;Flood;Total;200202;0;0;2002;24203;6050.75;563.748237927153;1
;Flood;Total;150110;0;0;1501;1049788;262447;96.9288699170208;2
;Flood;Total;120907;0;0;1209;3569;892.25;128.846425357868;1
;Flood;Total;220701;870;3799;2207;48564;12141;1303.2930403699;6
;Flood;Total;060204;30;0;0602;8910;2227.5;581.338484797549;1
;Flood;Total;160602;163;975;1606;13295;3323.75;3135.21116121181;5
;Flood;Total;210604;6;22;2106;6550;1637.5;593.968106038956;2
;Flood;Total;030408;0;0;0304;1292;323;101.973217663996;1
;Flood;Total;220201;1747;8377;2202;93765;23441.25;1809.9126658042;7
;Flood;Total;030404;1;5;0304;2160;540;205.631659185134;1
;Flood;Total;080107;144;735;0801;16167;4041.75;70.3263465011258;3
;Flood;Total;060410;40;195;0604;12552;3138;120.606431019449;1
;Flood;Total;080106;75;403;0801;360616;90154;232.36399332007;4
;Flood;Total;210110;362;1810;2101;5135;1283.75;174.734586310008;1
;Flood;Total;100205;0;29;1002;7643;1910.75;238.161714851539;1
;Flood;Total;080601;89;531;0806;119788;29947;1290.6294174489;2
;Flood;Total;150509;111;271;1505;137544;34386;525.37895846797;4
;Flood;Total;100601;2339;10799;1006;956460;239115;5534.59372286434;15
;Flood;Total;030202;3;10;0302;12760;3190;371.434053664227;2
;Flood;Total;021801;670;2680;0218;214804;53701;1447.26614714391;1
;Flood;Total;170202;36;117;1702;1536;384;10653.89889535;1
;Flood;Total;100901;79;1423;1009;124544;31136;37291.739256932;16
;Flood;Total;080807;20;490;0808;2768;692;627.24690678406;1
;Flood;Total;100905;552;8313;1009;55386;13846.5;17399.0646567397;9
;Flood;Total;140307;0;0;1403;26409;6602.25;554.091913529827;1
;Flood;Total;120606;0;0;1206;59841;14960.25;4143.11948315707;1
;Flood;Total;220707;1533;4988;2207;70954;17738.5;1383.80104042013;13
;Flood;Total;211003;248;1240;2110;2934;733.5;141.040411515866;1
;Flood;Total;130402;15;45;1304;141858;35464.5;3531.29944877777;6
;Flood;Total;150905;0;0;1509;1192;298;230.48351992278;1
;Flood;Total;040205;0;0;0402;6310;1577.5;392.602930560097;1
;Flood;Total;160106;4676;19643;1601;96453;24113.25;70617.795569032;7
;Flood;Total;140303;9;43;1403;27984;6996;69.4264718080044;3
;Flood;Total;030601;11;298;0306;20427;5106.75;406.506176394396;3
;Flood;Total;210808;70;409;2108;14684;3671;1610.90568089298;2
;Flood;Total;230302;2;10;2303;3008;752;1057.53750536854;1
;Flood;Total;200502;10;50;2005;2310;577.5;65.6006113221665;1
;Flood;Total;150137;5;24;1501;685266;171316.5;31.7406486228046;3
;Flood;Total;080908;25;125;0809;12952;3238;2660.84753544463;2
;Flood;Total;120114;2;8;1201;807145;201786.25;830.065325782132;5
;Flood;Total;200702;1;5;2007;7056;1764;479.16472477402;1
;Flood;Total;160605;2082;9835;1606;66276;16569;24993.7819626384;4
;Flood;Total;050408;0;0;0504;28094;7023.5;1568.66008719413;2
;Flood;Total;220704;327;1192;2207;7130;1782.5;681.193295170922;10
;Flood;Total;040310;0;0;0403;2512;628;845.286912839641;2
;Flood;Total;050115;3;10;0501;18054;4513.5;15.8316413731892;1
;Flood;Total;080803;0;0;0808;17846;4461.5;1544.26489513179;1
;Flood;Total;160704;1185;4361;1607;52096;13024;44141.9362522744;4
;Flood;Total;110205;49;276;1102;79776;19944;4549.1223265569;6
;Flood;Total;190201;46;190;1902;38766;9691.5;2231.37453180606;3
;Flood;Total;010403;81;438;0104;50058;12514.5;24252.8066453347;3
;Flood;Total;240304;0;2750;2403;15759;3939.75;608.161394420019;3
;Flood;Total;030101;136;770;0301;617023;154255.75;3155.73177180844;11
;Flood;Total;080605;8;50;0806;7506;1876.5;1088.31287200728;1
;Flood;Total;210101;500;14975;2101;282128;70532;918.877235302118;2
;Flood;Total;130302;18;57;1303;3868;967;164.010673919011;1
;Flood;Total;210607;9;45;2106;14014;3503.5;189.830070286929;1
;Flood;Total;240105;180;720;2401;25623;6405.75;1771.448614881;3
;Flood;Total;120707;2;10;1207;9305;2326.25;168.510563342524;1
;Flood;Total;081007;7;35;0810;4024;1006;281.03410489599;2
;Flood;Total;220911;2815;10485;2209;24744;6186;11902.7106156324;12
;Flood;Total;151019;70;300;1510;1834;458.5;436.137230899475;2
;Flood;Total;050507;27;146;0505;33858;8464.5;1424.17902525058;3
;Flood;Total;131101;1;5;1311;28374;7093.5;932.327003869867;2
;Flood;Total;160205;243;1281;1602;15813;3953.25;13996.7498107309;3
;Flood;Total;160703;1306;6302;1607;31110;7777.5;10695.1304366242;3
;Flood;Total;100606;57;579;1006;28758;7189.5;2233.83477540295;3
;Flood;Total;240102;500;2590;2401;167076;41769;890.072950620732;7
;Flood;Total;240302;0;0;2403;23480;5870;46.9409812265668;1
;Flood;Total;120416;13;87;1204;2069;517.25;14.0893299760528;1
;Flood;Total;140116;60;180;1401;15967;3991.75;164.976370129835;1
;Flood;Total;010521;45;142;0105;7124;1781;180.390595083163;2
;Flood;Total;150101;0;0;1501;815442;203860.5;68.2090205548482;3
;Flood;Total;110111;6;23;1101;58234;14558.5;5529.15836011222;2
;Flood;Total;010602;0;0;0106;2052;513;154.644282937496;1
;Flood;Total;081006;1;7;0810;7203;1800.75;427.311843493959;1
;Flood;Total;200604;9;45;2006;13245;3311.25;2164.80219475278;1
;Flood;Total;200506;20;100;2005;4555;1138.75;63.0742728073714;1
;Flood;Total;200115;2951;11861;null;null;null;null;7
;Flood;Total;150906;0;0;1509;13692;3423;1022.9614675799;4
;Flood;Total;110103;69;348;1101;38518;9629.5;184.924747481312;2
;Flood;Total;030213;10;41;0302;248985;62246.25;2243.51781904902;9
;Flood;Total;160702;1428;7751;1607;24993;6248.25;15264.9526058489;3
;Flood;Total;220907;1733;7656;2209;17220;4305;8566.70807752101;5
;Flood;Total;140101;190;930;1401;1167108;291777;185.943916461376;4
;Flood;Total;120127;0;0;1201;1757;439.25;31.0550934484308;1
;Flood;Total;210206;160;671;2102;26090;6522.5;303.96880014974;2
;Flood;Total;010109;10;49;0101;11010;2752.5;250.013632271858;2
;Flood;Total;090501;1;3;0905;5479;1369.75;132.290770827716;1
;Flood;Total;210803;32;192;2108;3274;818.5;218.320265746577;1
;Flood;Total;010606;80;285;0106;3248;812;162.096023759826;2
;Flood;Total;151018;15;420;1510;762;190.5;410.070203162503;1
